word,count
approach,4
language,4
beyond,4
cheat,4
analysis,4
course,4
expose,4
text,4
blog,4
sheets,4
sexual,4
backprop,4
modern,4
stereotypes,4
every,4
taking,4
state,4
concepts,4
code,4
semantic,4
technology,4
ranked,4
learned,4
test,4
aiml,4
interview,5
cnns,5
reasons,5
great,5
valley,5
1700,5
mask,5
andrej,5
engineering,5
weird,5
benchmarks,5
companies,5
single,5
slav,5
image,5
assembly,5
brief,5
beginners,5
mindblowing,5
objects,5
next,5
scratch,5
history,5
becoming,5
setup,5
karpathy,5
silicon,5
startup,5
keras,6
tables,6
stock,6
adam,6
internet,6
recognition,6
five,6
easily,6
human,6
noon,6
detect,6
hacker,6
things,6
magazine,6
happened,6
understand,6
geitgey,6
qlearning,7
know,7
raspberry,7
segmentation,7
algorithms,7
google,7
chatbots,8
guide,8
understanding,10
future,10
rcnn,10
python,12
build,13
using,14
reinforcement,14
simple,17
network,17
artificial,21
towards,23
intelligence,25
tensorflow,28
science,28
networks,36
part,41
data,45
neural,48
deep,56
machine,60
medium,95
learning,124
